"journal","n","freq"
"3 Biotech",7,0.000650074294205052
"AAPS PharmSciTech",16,0.00148588410104012
"ACS omega",30,0.00278603268945022
"AIDS research and therapy",1,9.28677563150074e-05
"AIMS public health",1,9.28677563150074e-05
"AMB Express",4,0.00037147102526003
"ANZ journal of surgery",3,0.000278603268945022
"APL bioengineering",1,9.28677563150074e-05
"Academic emergency medicine : official journal of the Society for Academic Emergency Medicine",1,9.28677563150074e-05
"Acta biomaterialia",3,0.000278603268945022
"Acta biotheoretica",1,9.28677563150074e-05
"Acta crystallographica. Section D, Structural biology",1,9.28677563150074e-05
"Acta histochemica",1,9.28677563150074e-05
"Acta histochemica et cytochemica",1,9.28677563150074e-05
"Acta myologica : myopathies and cardiomyopathies : official journal of the Mediterranean Society of Myology",1,9.28677563150074e-05
"Acta neurochirurgica",1,9.28677563150074e-05
"Acta neurologica Belgica",2,0.000185735512630015
"Acta neuropathologica communications",2,0.000185735512630015
"Acta obstetricia et gynecologica Scandinavica",1,9.28677563150074e-05
"Acta orthopaedica et traumatologica turcica",1,9.28677563150074e-05
"Acta parasitologica",2,0.000185735512630015
"Acta pharmacologica Sinica",4,0.00037147102526003
"Acta physiologica (Oxford, England)",1,9.28677563150074e-05
"Acta psychologica",2,0.000185735512630015
"Acta tropica",1,9.28677563150074e-05
"Addictive behaviors",1,9.28677563150074e-05
"Advanced pharmaceutical bulletin",1,9.28677563150074e-05
"Advances in medical education and practice",1,9.28677563150074e-05
"Advances in orthopedics",1,9.28677563150074e-05
"Aggressive behavior",1,9.28677563150074e-05
"Aging",30,0.00278603268945022
"Aging cell",1,9.28677563150074e-05
"Aging clinical and experimental research",2,0.000185735512630015
"Allergologia et immunopathologia",1,9.28677563150074e-05
"Allergy, asthma, and clinical immunology : official journal of the Canadian Society of Allergy and Clinical Immunology",2,0.000185735512630015
"American journal of cancer research",24,0.00222882615156018
"American journal of hematology",2,0.000185735512630015
"American journal of human genetics",1,9.28677563150074e-05
"American journal of medical genetics. Part B, Neuropsychiatric genetics : the official publication of the International Society of Psychiatric Genetics",1,9.28677563150074e-05
"American journal of nephrology",1,9.28677563150074e-05
"American journal of physiology. Endocrinology and metabolism",1,9.28677563150074e-05
"American journal of physiology. Renal physiology",1,9.28677563150074e-05
"American journal of translational research",24,0.00222882615156018
"Analytica chimica acta",2,0.000185735512630015
"Analytical and bioanalytical chemistry",1,9.28677563150074e-05
"Anatomical record (Hoboken, N.J. : 2007)",25,0.00232169390787519
"Andrologia",1,9.28677563150074e-05
"Andrology",1,9.28677563150074e-05
"Anesthesiology research and practice",1,9.28677563150074e-05
"Angiogenesis",1,9.28677563150074e-05
"Animal : an international journal of animal bioscience",1,9.28677563150074e-05
"Animal science journal = Nihon chikusan Gakkaiho",2,0.000185735512630015
"Animals : an open access journal from MDPI",3,0.000278603268945022
"Annals of Indian Academy of Neurology",1,9.28677563150074e-05
"Annals of anatomy = Anatomischer Anzeiger : official organ of the Anatomische Gesellschaft",2,0.000185735512630015
"Annals of clinical and translational neurology",1,9.28677563150074e-05
"Annals of clinical microbiology and antimicrobials",1,9.28677563150074e-05
"Annals of geriatric medicine and research",1,9.28677563150074e-05
"Annals of human genetics",2,0.000185735512630015
"Annals of medicine and surgery (2012)",1,9.28677563150074e-05
"Annals of neurology",1,9.28677563150074e-05
"Annals of nutrition & metabolism",1,9.28677563150074e-05
"Annals of occupational and environmental medicine",1,9.28677563150074e-05
"Annals of palliative medicine",1,9.28677563150074e-05
"Annals of the New York Academy of Sciences",1,9.28677563150074e-05
"Annals of the rheumatic diseases",2,0.000185735512630015
"Annals of translational medicine",4,0.00037147102526003
"Annals of vascular surgery",2,0.000185735512630015
"Antibiotics (Basel, Switzerland)",2,0.000185735512630015
"Antimicrobial agents and chemotherapy",2,0.000185735512630015
"Antimicrobial resistance and infection control",1,9.28677563150074e-05
"Antiviral research",1,9.28677563150074e-05
"Appetite",3,0.000278603268945022
"Applied and environmental microbiology",2,0.000185735512630015
"Applied biochemistry and biotechnology",2,0.000185735512630015
"Applied bionics and biomechanics",286,0.0265601783060921
"Archives of biochemistry and biophysics",6,0.000557206537890045
"Archives of gynecology and obstetrics",6,0.000557206537890045
"Archives of medical science : AMS",5,0.000464338781575037
"Archives of microbiology",2,0.000185735512630015
"Archives of oral biology",1,9.28677563150074e-05
"Archives of orthopaedic and trauma surgery",2,0.000185735512630015
"Archives of pharmacal research",2,0.000185735512630015
"Archives of physical medicine and rehabilitation",1,9.28677563150074e-05
"Archives of public health = Archives belges de sante publique",1,9.28677563150074e-05
"Archives of sexual behavior",1,9.28677563150074e-05
"Archives of toxicology",1,9.28677563150074e-05
"Archives of virology",6,0.000557206537890045
"Archivio italiano di urologia, andrologia : organo ufficiale [di] Societa italiana di ecografia urologica e nefrologica",1,9.28677563150074e-05
"Arquivos brasileiros de cirurgia digestiva : ABCD = Brazilian archives of digestive surgery",2,0.000185735512630015
"Arthritis research & therapy",1,9.28677563150074e-05
"Arthroscopy : the journal of arthroscopic & related surgery : official publication of the Arthroscopy Association of North America and the International Arthroscopy Association",1,9.28677563150074e-05
"Arthroscopy, sports medicine, and rehabilitation",1,9.28677563150074e-05
"Artificial intelligence in medicine",1,9.28677563150074e-05
"Artificial organs",1,9.28677563150074e-05
"Asia-Pacific journal of clinical oncology",1,9.28677563150074e-05
"Asian journal of psychiatry",2,0.000185735512630015
"Asian spine journal",1,9.28677563150074e-05
"Auris, nasus, larynx",2,0.000185735512630015
"Autism research : official journal of the International Society for Autism Research",1,9.28677563150074e-05
"Autoimmune diseases",1,9.28677563150074e-05
"Autoimmunity reviews",1,9.28677563150074e-05
"Avian diseases",1,9.28677563150074e-05
"BJPsych open",2,0.000185735512630015
"BMC anesthesiology",10,0.000928677563150074
"BMC biotechnology",1,9.28677563150074e-05
"BMC cancer",24,0.00222882615156018
"BMC cardiovascular disorders",4,0.00037147102526003
"BMC complementary and alternative medicine",9,0.000835809806835067
"BMC complementary medicine and therapies",10,0.000928677563150074
"BMC emergency medicine",2,0.000185735512630015
"BMC endocrine disorders",1,9.28677563150074e-05
"BMC family practice",1,9.28677563150074e-05
"BMC gastroenterology",3,0.000278603268945022
"BMC genetics",1,9.28677563150074e-05
"BMC genomics",1,9.28677563150074e-05
"BMC health services research",1,9.28677563150074e-05
"BMC immunology",1,9.28677563150074e-05
"BMC infectious diseases",5,0.000464338781575037
"BMC medical genetics",1,9.28677563150074e-05
"BMC medical genomics",2,0.000185735512630015
"BMC medical imaging",2,0.000185735512630015
"BMC medical informatics and decision making",1,9.28677563150074e-05
"BMC medical research methodology",1,9.28677563150074e-05
"BMC medicine",2,0.000185735512630015
"BMC microbiology",3,0.000278603268945022
"BMC molecular and cell biology",1,9.28677563150074e-05
"BMC musculoskeletal disorders",2,0.000185735512630015
"BMC neurology",4,0.00037147102526003
"BMC neuroscience",3,0.000278603268945022
"BMC ophthalmology",2,0.000185735512630015
"BMC oral health",6,0.000557206537890045
"BMC pediatrics",2,0.000185735512630015
"BMC pharmacology & toxicology",4,0.00037147102526003
"BMC plant biology",5,0.000464338781575037
"BMC pregnancy and childbirth",3,0.000278603268945022
"BMC psychiatry",2,0.000185735512630015
"BMC psychology",1,9.28677563150074e-05
"BMC public health",11,0.00102154531946508
"BMC pulmonary medicine",8,0.000742942050520059
"BMC research notes",3,0.000278603268945022
"BMC rheumatology",1,9.28677563150074e-05
"BMC sports science, medicine & rehabilitation",1,9.28677563150074e-05
"BMC surgery",2,0.000185735512630015
"BMC veterinary research",1,9.28677563150074e-05
"BMC women's health",1,9.28677563150074e-05
"BMJ paediatrics open",1,9.28677563150074e-05
"Basic & clinical pharmacology & toxicology",1,9.28677563150074e-05
"Basic research in cardiology",3,0.000278603268945022
"Behavioral sciences (Basel, Switzerland)",1,9.28677563150074e-05
"Behavioural brain research",4,0.00037147102526003
"Behavioural neurology",10,0.000928677563150074
"BioFactors (Oxford, England)",13,0.0012072808320951
"Bioactive materials",1,9.28677563150074e-05
"Biochemical and biophysical research communications",19,0.00176448736998514
"Biochemical genetics",7,0.000650074294205052
"Biochemical pharmacology",1,9.28677563150074e-05
"Biochemistry and biophysics reports",3,0.000278603268945022
"Biochimica et biophysica acta. Gene regulatory mechanisms",1,9.28677563150074e-05
"Biochimica et biophysica acta. Molecular and cell biology of lipids",1,9.28677563150074e-05
"Biochimica et biophysica acta. Molecular basis of disease",1,9.28677563150074e-05
"Biochimica et biophysica acta. Molecular cell research",1,9.28677563150074e-05
"Biochimie",5,0.000464338781575037
"Biodegradation",1,9.28677563150074e-05
"Bioengineering (Basel, Switzerland)",1,9.28677563150074e-05
"Biogerontology",1,9.28677563150074e-05
"Biological chemistry",1,9.28677563150074e-05
"Biological psychiatry",3,0.000278603268945022
"Biological psychiatry. Cognitive neuroscience and neuroimaging",1,9.28677563150074e-05
"Biological research",3,0.000278603268945022
"Biological trace element research",10,0.000928677563150074
"Biology",4,0.00037147102526003
"Biomaterials",2,0.000185735512630015
"Biomaterials research",1,9.28677563150074e-05
"Biomedical chromatography : BMC",1,9.28677563150074e-05
"Biomedical materials (Bristol, England)",2,0.000185735512630015
"Biomedical optics express",2,0.000185735512630015
"Biomedical reports",1,9.28677563150074e-05
"Biomedicine & pharmacotherapy = Biomedecine & pharmacotherapie",148,0.0137444279346211
"Biomedicines",4,0.00037147102526003
"Biomolecules",5,0.000464338781575037
"Bioorganic & medicinal chemistry letters",3,0.000278603268945022
"Bioorganic chemistry",1,9.28677563150074e-05
"Biophysical chemistry",1,9.28677563150074e-05
"Bioprocess and biosystems engineering",2,0.000185735512630015
"Bioresource technology",43,0.00399331352154532
"Bioresources and bioprocessing",2,0.000185735512630015
"Bioscience reports",133,0.012351411589896
"Biosensors & bioelectronics",5,0.000464338781575037
"Biotechnology and applied biochemistry",3,0.000278603268945022
"Biotechnology for biofuels",2,0.000185735512630015
"Biotechnology letters",8,0.000742942050520059
"Blood",2,0.000185735512630015
"Blood cells, molecules & diseases",2,0.000185735512630015
"Blood purification",1,9.28677563150074e-05
"Bone",1,9.28677563150074e-05
"Bone research",1,9.28677563150074e-05
"Bosnian journal of basic medical sciences",2,0.000185735512630015
"Brain & spine",1,9.28677563150074e-05
"Brain communications",2,0.000185735512630015
"Brain research",8,0.000742942050520059
"Brain research bulletin",13,0.0012072808320951
"Brain sciences",2,0.000185735512630015
"Brain structure & function",3,0.000278603268945022
"Brazilian journal of biology = Revista brasleira de biologia",2,0.000185735512630015
"Brazilian journal of medical and biological research = Revista brasileira de pesquisas medicas e biologicas",19,0.00176448736998514
"Brazilian journal of microbiology : [publication of the Brazilian Society for Microbiology]",1,9.28677563150074e-05
"Breast cancer (Tokyo, Japan)",1,9.28677563150074e-05
"Breast cancer research and treatment",1,9.28677563150074e-05
"British journal of anaesthesia",1,9.28677563150074e-05
"British journal of cancer",1,9.28677563150074e-05
"British journal of pharmacology",2,0.000185735512630015
"Bulletin du cancer",1,9.28677563150074e-05
"CNS neuroscience & therapeutics",5,0.000464338781575037
"Calcified tissue international",1,9.28677563150074e-05
"Cancer",1,9.28677563150074e-05
"Cancer cell international",47,0.00436478454680535
"Cancer chemotherapy and pharmacology",5,0.000464338781575037
"Cancer epidemiology, biomarkers & prevention : a publication of the American Association for Cancer Research, cosponsored by the American Society of Preventive Oncology",1,9.28677563150074e-05
"Cancer gene therapy",18,0.00167161961367013
"Cancer imaging : the official publication of the International Cancer Imaging Society",3,0.000278603268945022
"Cancer immunology, immunotherapy : CII",1,9.28677563150074e-05
"Cancer letters",14,0.0013001485884101
"Cancer medicine",25,0.00232169390787519
"Cancer prevention research (Philadelphia, Pa.)",1,9.28677563150074e-05
"Cancer reports (Hoboken, N.J.)",1,9.28677563150074e-05
"Cancer research",6,0.000557206537890045
"Cancer research and treatment",2,0.000185735512630015
"Cancer science",10,0.000928677563150074
"Cancer treatment and research communications",2,0.000185735512630015
"Cancers",4,0.00037147102526003
"Carbohydrate polymers",3,0.000278603268945022
"Carbohydrate research",1,9.28677563150074e-05
"Carcinogenesis",1,9.28677563150074e-05
"Cardiology research and practice",9,0.000835809806835067
"Cardiovascular diabetology",1,9.28677563150074e-05
"Cardiovascular intervention and therapeutics",1,9.28677563150074e-05
"Cardiovascular toxicology",3,0.000278603268945022
"Case reports in anesthesiology",1,9.28677563150074e-05
"Case reports in obstetrics and gynecology",1,9.28677563150074e-05
"Case reports in oncology",1,9.28677563150074e-05
"Case reports in ophthalmology",1,9.28677563150074e-05
"Cell",2,0.000185735512630015
"Cell & bioscience",7,0.000650074294205052
"Cell and tissue banking",3,0.000278603268945022
"Cell and tissue research",2,0.000185735512630015
"Cell biochemistry and biophysics",1,9.28677563150074e-05
"Cell biochemistry and function",3,0.000278603268945022
"Cell biology and toxicology",2,0.000185735512630015
"Cell biology international",3,0.000278603268945022
"Cell calcium",1,9.28677563150074e-05
"Cell communication and signaling : CCS",1,9.28677563150074e-05
"Cell death and differentiation",3,0.000278603268945022
"Cell death discovery",4,0.00037147102526003
"Cell proliferation",6,0.000557206537890045
"Cell stress & chaperones",8,0.000742942050520059
"Cells",5,0.000464338781575037
"Cells, tissues, organs",1,9.28677563150074e-05
"Cellular & molecular biology letters",5,0.000464338781575037
"Cellular & molecular immunology",1,9.28677563150074e-05
"Cellular and molecular biology (Noisy-le-Grand, France)",2,0.000185735512630015
"Cellular and molecular neurobiology",3,0.000278603268945022
"Cellular immunology",2,0.000185735512630015
"Cellular oncology (Dordrecht, Netherlands)",1,9.28677563150074e-05
"Cellular physiology and biochemistry : international journal of experimental cellular physiology, biochemistry, and pharmacology",111,0.0103083209509658
"Cellular signalling",6,0.000557206537890045
"Cerebrovascular diseases (Basel, Switzerland)",1,9.28677563150074e-05
"Chemical biology & drug design",2,0.000185735512630015
"Chemical record (New York, N.Y.)",1,9.28677563150074e-05
"Chemico-biological interactions",4,0.00037147102526003
"Chemosphere",26,0.00241456166419019
"Chemphyschem : a European journal of chemical physics and physical chemistry",1,9.28677563150074e-05
"Child and adolescent psychiatry and mental health",3,0.000278603268945022
"Child's nervous system : ChNS : official journal of the International Society for Pediatric Neurosurgery",2,0.000185735512630015
"Clinical & experimental metastasis",1,9.28677563150074e-05
"Clinical & experimental ophthalmology",1,9.28677563150074e-05
"Clinical & translational immunology",1,9.28677563150074e-05
"Clinical anatomy (New York, N.Y.)",1,9.28677563150074e-05
"Clinical and experimental medicine",3,0.000278603268945022
"Clinical and experimental nephrology",1,9.28677563150074e-05
"Clinical and experimental pharmacology & physiology",4,0.00037147102526003
"Clinical and translational science",2,0.000185735512630015
"Clinical biochemistry",1,9.28677563150074e-05
"Clinical cancer research : an official journal of the American Association for Cancer Research",3,0.000278603268945022
"Clinical case reports",2,0.000185735512630015
"Clinical endocrinology",1,9.28677563150074e-05
"Clinical immunology (Orlando, Fla.)",1,9.28677563150074e-05
"Clinical implant dentistry and related research",1,9.28677563150074e-05
"Clinical infectious diseases : an official publication of the Infectious Diseases Society of America",1,9.28677563150074e-05
"Clinical interventions in aging",1,9.28677563150074e-05
"Clinical journal of gastroenterology",1,9.28677563150074e-05
"Clinical kidney journal",1,9.28677563150074e-05
"Clinical microbiology and infection : the official publication of the European Society of Clinical Microbiology and Infectious Diseases",1,9.28677563150074e-05
"Clinical neurology and neurosurgery",1,9.28677563150074e-05
"Clinical nutrition (Edinburgh, Scotland)",1,9.28677563150074e-05
"Clinical nutrition ESPEN",1,9.28677563150074e-05
"Clinical oral investigations",2,0.000185735512630015
"Clinical science (London, England : 1979)",2,0.000185735512630015
"Clinical, cosmetic and investigational dermatology",1,9.28677563150074e-05
"ClinicoEconomics and outcomes research : CEOR",1,9.28677563150074e-05
"Clinics and research in hepatology and gastroenterology",2,0.000185735512630015
"Cognition",1,9.28677563150074e-05
"Colloids and surfaces. B, Biointerfaces",2,0.000185735512630015
"Communications biology",2,0.000185735512630015
"Complementary medicine research",1,9.28677563150074e-05
"Computational and mathematical methods in medicine",1057,0.0981612184249629
"Computer methods and programs in biomedicine",1,9.28677563150074e-05
"Computerized medical imaging and graphics : the official journal of the Computerized Medical Imaging Society",2,0.000185735512630015
"Computers in biology and medicine",1,9.28677563150074e-05
"Contraception",1,9.28677563150074e-05
"Contrast media & molecular imaging",249,0.0231240713224369
"Cortex; a journal devoted to the study of the nervous system and behavior",2,0.000185735512630015
"Cureus",6,0.000557206537890045
"Current developments in nutrition",1,9.28677563150074e-05
"Current genetics",1,9.28677563150074e-05
"Current issues in molecular biology",2,0.000185735512630015
"Current microbiology",1,9.28677563150074e-05
"Current opinion in microbiology",1,9.28677563150074e-05
"Current opinion in pharmacology",1,9.28677563150074e-05
"Current opinion in psychology",1,9.28677563150074e-05
"Current opinion in structural biology",1,9.28677563150074e-05
"Current research in food science",2,0.000185735512630015
"Current research in pharmacology and drug discovery",1,9.28677563150074e-05
"Current zoology",2,0.000185735512630015
"Cytokine",6,0.000557206537890045
"Cytotechnology",1,9.28677563150074e-05
"Cytotherapy",1,9.28677563150074e-05
"DNA repair",3,0.000278603268945022
"Dentistry journal",1,9.28677563150074e-05
"Der Anaesthesist",1,9.28677563150074e-05
"Dermatologic therapy",2,0.000185735512630015
"Development (Cambridge, England)",1,9.28677563150074e-05
"Developmental and comparative immunology",2,0.000185735512630015
"Developmental cognitive neuroscience",1,9.28677563150074e-05
"Developmental science",1,9.28677563150074e-05
"Diabetes & metabolism journal",1,9.28677563150074e-05
"Diabetes research and clinical practice",2,0.000185735512630015
"Diabetes, metabolic syndrome and obesity : targets and therapy",3,0.000278603268945022
"Diabetologia",1,9.28677563150074e-05
"Diabetology & metabolic syndrome",3,0.000278603268945022
"Diagnosis (Berlin, Germany)",1,9.28677563150074e-05
"Diagnostic pathology",2,0.000185735512630015
"Diagnostics (Basel, Switzerland)",1,9.28677563150074e-05
"Differentiation; research in biological diversity",1,9.28677563150074e-05
"Digestive diseases (Basel, Switzerland)",1,9.28677563150074e-05
"Digestive diseases and sciences",6,0.000557206537890045
"Discover oncology",2,0.000185735512630015
"Disease markers",141,0.013094353640416
"Diseases (Basel, Switzerland)",1,9.28677563150074e-05
"Dose-response : a publication of International Hormesis Society",12,0.00111441307578009
"Drug and alcohol dependence",1,9.28677563150074e-05
"Drug and alcohol review",1,9.28677563150074e-05
"Drug design, development and therapy",18,0.00167161961367013
"Drug development research",1,9.28677563150074e-05
"Drug discovery today",1,9.28677563150074e-05
"Drug metabolism and disposition: the biological fate of chemicals",1,9.28677563150074e-05
"Drug testing and analysis",2,0.000185735512630015
"Dysphagia",2,0.000185735512630015
"EBioMedicine",9,0.000835809806835067
"EClinicalMedicine",1,9.28677563150074e-05
"EJNMMI research",2,0.000185735512630015
"EXCLI journal",2,0.000185735512630015
"Early human development",1,9.28677563150074e-05
"Echocardiography (Mount Kisco, N.Y.)",1,9.28677563150074e-05
"Ecology and evolution",4,0.00037147102526003
"Ecotoxicology and environmental safety",1,9.28677563150074e-05
"Education and information technologies",1,9.28677563150074e-05
"Electrophoresis",1,9.28677563150074e-05
"Emergency radiology",1,9.28677563150074e-05
"Emerging microbes & infections",2,0.000185735512630015
"Endocrine",3,0.000278603268945022
"Engineering analysis with boundary elements",1,9.28677563150074e-05
"Engineering in life sciences",1,9.28677563150074e-05
"Entropy (Basel, Switzerland)",2,0.000185735512630015
"Environment international",2,0.000185735512630015
"Environmental geochemistry and health",1,9.28677563150074e-05
"Environmental microbiome",1,9.28677563150074e-05
"Environmental monitoring and assessment",3,0.000278603268945022
"Environmental pollution (Barking, Essex : 1987)",6,0.000557206537890045
"Environmental research",8,0.000742942050520059
"Environmental science and pollution research international",242,0.0224739970282318
"Environmental toxicology",18,0.00167161961367013
"Environmental toxicology and pharmacology",1,9.28677563150074e-05
"Epidemiology and health",1,9.28677563150074e-05
"Epilepsy & behavior : E&B",1,9.28677563150074e-05
"Equine veterinary journal",1,9.28677563150074e-05
"European archives of oto-rhino-laryngology : official journal of the European Federation of Oto-Rhino-Laryngological Societies (EUFOS) : affiliated with the German Society for Oto-Rhino-Laryngology - Head and Neck Surgery",1,9.28677563150074e-05
"European journal of cell biology",1,9.28677563150074e-05
"European journal of clinical investigation",1,9.28677563150074e-05
"European journal of clinical microbiology & infectious diseases : official publication of the European Society of Clinical Microbiology",3,0.000278603268945022
"European journal of clinical nutrition",3,0.000278603268945022
"European journal of clinical pharmacology",2,0.000185735512630015
"European journal of haematology",1,9.28677563150074e-05
"European journal of histochemistry : EJH",1,9.28677563150074e-05
"European journal of medical research",4,0.00037147102526003
"European journal of medicinal chemistry",1,9.28677563150074e-05
"European journal of nutrition",2,0.000185735512630015
"European journal of obstetrics & gynecology and reproductive biology: X",1,9.28677563150074e-05
"European journal of obstetrics, gynecology, and reproductive biology",11,0.00102154531946508
"European journal of pharmaceutical sciences : official journal of the European Federation for Pharmaceutical Sciences",3,0.000278603268945022
"European journal of pharmacology",7,0.000650074294205052
"European journal of radiology open",3,0.000278603268945022
"European neurology",1,9.28677563150074e-05
"European radiology",3,0.000278603268945022
"European spine journal : official publication of the European Spine Society, the European Spinal Deformity Society, and the European Section of the Cervical Spine Research Society",3,0.000278603268945022
"European stroke journal",3,0.000278603268945022
"Evidence-based complementary and alternative medicine : eCAM",726,0.0674219910846954
"Evolution; international journal of organic evolution",4,0.00037147102526003
"Experimental & applied acarology",1,9.28677563150074e-05
"Experimental & molecular medicine",3,0.000278603268945022
"Experimental and molecular pathology",30,0.00278603268945022
"Experimental and therapeutic medicine",107,0.00993684992570579
"Experimental brain research",4,0.00037147102526003
"Experimental cell research",11,0.00102154531946508
"Experimental eye research",3,0.000278603268945022
"Experimental neurology",1,9.28677563150074e-05
"Experimental physiology",4,0.00037147102526003
"Eye and vision (London, England)",1,9.28677563150074e-05
"FASEB journal : official publication of the Federation of American Societies for Experimental Biology",2,0.000185735512630015
"FEBS letters",1,9.28677563150074e-05
"FEBS open bio",29,0.00269316493313522
"Fish & shellfish immunology",5,0.000464338781575037
"Food chemistry",2,0.000185735512630015
"Food chemistry: X",2,0.000185735512630015
"Food science & nutrition",15,0.00139301634472511
"Foods (Basel, Switzerland)",1,9.28677563150074e-05
"Forensic science international. Genetics",1,9.28677563150074e-05
"Forensic sciences research",1,9.28677563150074e-05
"Free radical biology & medicine",1,9.28677563150074e-05
"Frontiers in aging neuroscience",7,0.000650074294205052
"Frontiers in bioengineering and biotechnology",9,0.000835809806835067
"Frontiers in cardiovascular medicine",9,0.000835809806835067
"Frontiers in cell and developmental biology",21,0.00195022288261516
"Frontiers in cellular neuroscience",11,0.00102154531946508
"Frontiers in chemistry",15,0.00139301634472511
"Frontiers in computational neuroscience",3,0.000278603268945022
"Frontiers in endocrinology",5,0.000464338781575037
"Frontiers in genetics",10,0.000928677563150074
"Frontiers in global women's health",2,0.000185735512630015
"Frontiers in health services",1,9.28677563150074e-05
"Frontiers in human neuroscience",3,0.000278603268945022
"Frontiers in immunology",27,0.0025074294205052
"Frontiers in medicine",8,0.000742942050520059
"Frontiers in microbiology",10,0.000928677563150074
"Frontiers in molecular biosciences",4,0.00037147102526003
"Frontiers in molecular neuroscience",9,0.000835809806835067
"Frontiers in neuroinformatics",1,9.28677563150074e-05
"Frontiers in neurology",4,0.00037147102526003
"Frontiers in neuroscience",10,0.000928677563150074
"Frontiers in nutrition",9,0.000835809806835067
"Frontiers in oncology",72,0.00668647845468053
"Frontiers in oral health",1,9.28677563150074e-05
"Frontiers in pediatrics",2,0.000185735512630015
"Frontiers in pharmacology",25,0.00232169390787519
"Frontiers in physiology",21,0.00195022288261516
"Frontiers in plant science",13,0.0012072808320951
"Frontiers in psychiatry",5,0.000464338781575037
"Frontiers in psychology",23,0.00213595839524517
"Frontiers in public health",14,0.0013001485884101
"Frontiers in radiology",1,9.28677563150074e-05
"Frontiers in surgery",11,0.00102154531946508
"Frontiers in toxicology",1,9.28677563150074e-05
"Frontiers in veterinary science",2,0.000185735512630015
"Functional & integrative genomics",22,0.00204309063893016
"Fungal biology and biotechnology",1,9.28677563150074e-05
"Gastroenterology",2,0.000185735512630015
"Gastroenterology research",1,9.28677563150074e-05
"Gastroenterology research and practice",5,0.000464338781575037
"Gastrointestinal endoscopy",1,9.28677563150074e-05
"Gels (Basel, Switzerland)",1,9.28677563150074e-05
"Gene",8,0.000742942050520059
"Gene therapy",5,0.000464338781575037
"General and comparative endocrinology",1,9.28677563150074e-05
"General psychiatry",1,9.28677563150074e-05
"Genes",3,0.000278603268945022
"Genes and immunity",1,9.28677563150074e-05
"Genetics",1,9.28677563150074e-05
"Genomics",3,0.000278603268945022
"GeroScience",1,9.28677563150074e-05
"Global advances in health and medicine",1,9.28677563150074e-05
"Global pediatric health",1,9.28677563150074e-05
"Glycoconjugate journal",1,9.28677563150074e-05
"Graefe's archive for clinical and experimental ophthalmology = Albrecht von Graefes Archiv fur klinische und experimentelle Ophthalmologie",3,0.000278603268945022
"Gut pathogens",1,9.28677563150074e-05
"Gynecologic and obstetric investigation",6,0.000557206537890045
"Gynecologic oncology",1,9.28677563150074e-05
"HIV/AIDS (Auckland, N.Z.)",2,0.000185735512630015
"HLA",1,9.28677563150074e-05
"Haematologica",1,9.28677563150074e-05
"Health and quality of life outcomes",1,9.28677563150074e-05
"Health science reports",14,0.0013001485884101
"Health services research and managerial epidemiology",2,0.000185735512630015
"Healthcare (Basel, Switzerland)",1,9.28677563150074e-05
"Heart & lung : the journal of critical care",2,0.000185735512630015
"Heart and vessels",1,9.28677563150074e-05
"Heart, lung & circulation",1,9.28677563150074e-05
"Heliyon",27,0.0025074294205052
"Hematological oncology",1,9.28677563150074e-05
"Hepatology (Baltimore, Md.)",1,9.28677563150074e-05
"Hepatology communications",1,9.28677563150074e-05
"Hereditary cancer in clinical practice",1,9.28677563150074e-05
"Hernia : the journal of hernias and abdominal wall surgery",2,0.000185735512630015
"Herz",1,9.28677563150074e-05
"High blood pressure & cardiovascular prevention : the official journal of the Italian Society of Hypertension",1,9.28677563150074e-05
"Hippocampus",1,9.28677563150074e-05
"History and philosophy of the life sciences",1,9.28677563150074e-05
"Hormones & cancer",1,9.28677563150074e-05
"Hormones and behavior",2,0.000185735512630015
"Horticulture research",1,9.28677563150074e-05
"Human brain mapping",1,9.28677563150074e-05
"Human cell",8,0.000742942050520059
"Human genetics",2,0.000185735512630015
"Human genomics",1,9.28677563150074e-05
"Human movement science",1,9.28677563150074e-05
"Human pathology",1,9.28677563150074e-05
"Hypertension research : official journal of the Japanese Society of Hypertension",1,9.28677563150074e-05
"ISA transactions",4,0.00037147102526003
"IUBMB life",4,0.00037147102526003
"IUCrJ",1,9.28677563150074e-05
"Immunology letters",1,9.28677563150074e-05
"Indian journal of clinical biochemistry : IJCB",1,9.28677563150074e-05
"Indian journal of community medicine : official publication of Indian Association of Preventive & Social Medicine",2,0.000185735512630015
"Indian journal of nephrology",1,9.28677563150074e-05
"Indian journal of palliative care",1,9.28677563150074e-05
"Indian journal of pediatrics",1,9.28677563150074e-05
"Infection and drug resistance",4,0.00037147102526003
"Inflammation",2,0.000185735512630015
"Inflammation research : official journal of the European Histamine Research Society ... [et al.]",7,0.000650074294205052
"Inflammopharmacology",2,0.000185735512630015
"Injury",6,0.000557206537890045
"Innate immunity",1,9.28677563150074e-05
"Insects",1,9.28677563150074e-05
"Integrative medicine research",1,9.28677563150074e-05
"International archives of allergy and immunology",1,9.28677563150074e-05
"International breastfeeding journal",2,0.000185735512630015
"International dental journal",1,9.28677563150074e-05
"International endodontic journal",1,9.28677563150074e-05
"International immunopharmacology",29,0.00269316493313522
"International journal for equity in health",2,0.000185735512630015
"International journal for numerical methods in biomedical engineering",1,9.28677563150074e-05
"International journal of adolescent medicine and health",2,0.000185735512630015
"International journal of antimicrobial agents",2,0.000185735512630015
"International journal of biological macromolecules",22,0.00204309063893016
"International journal of biological sciences",6,0.000557206537890045
"International journal of cancer",4,0.00037147102526003
"International journal of cardiology",3,0.000278603268945022
"International journal of cardiology. Heart & vasculature",1,9.28677563150074e-05
"International journal of chronic obstructive pulmonary disease",3,0.000278603268945022
"International journal of clinical and experimental pathology",13,0.0012072808320951
"International journal of clinical oncology",1,9.28677563150074e-05
"International journal of clinical practice",5,0.000464338781575037
"International journal of endocrinology",1,9.28677563150074e-05
"International journal of environmental research and public health",6,0.000557206537890045
"International journal of food microbiology",1,9.28677563150074e-05
"International journal of general medicine",3,0.000278603268945022
"International journal of gynaecology and obstetrics: the official organ of the International Federation of Gynaecology and Obstetrics",22,0.00204309063893016
"International journal of hematology",1,9.28677563150074e-05
"International journal of infectious diseases : IJID : official publication of the International Society for Infectious Diseases",1,9.28677563150074e-05
"International journal of laboratory hematology",1,9.28677563150074e-05
"International journal of legal medicine",5,0.000464338781575037
"International journal of medical informatics",1,9.28677563150074e-05
"International journal of mental health systems",1,9.28677563150074e-05
"International journal of molecular medicine",48,0.00445765230312036
"International journal of molecular sciences",15,0.00139301634472511
"International journal of nanomedicine",31,0.00287890044576523
"International journal of nursing sciences",1,9.28677563150074e-05
"International journal of nursing studies",2,0.000185735512630015
"International journal of obesity (2005)",2,0.000185735512630015
"International journal of older people nursing",1,9.28677563150074e-05
"International journal of oncology",26,0.00241456166419019
"International journal of ophthalmology",3,0.000278603268945022
"International journal of oral and maxillofacial surgery",3,0.000278603268945022
"International journal of pediatric otorhinolaryngology",3,0.000278603268945022
"International journal of pediatrics",2,0.000185735512630015
"International journal of pharmaceutics",2,0.000185735512630015
"International journal of preventive medicine",1,9.28677563150074e-05
"International journal of psychophysiology : official journal of the International Organization of Psychophysiology",2,0.000185735512630015
"International journal of public health",1,9.28677563150074e-05
"International journal of radiation oncology, biology, physics",1,9.28677563150074e-05
"International journal of retina and vitreous",1,9.28677563150074e-05
"International journal of speech technology",1,9.28677563150074e-05
"International journal of sport nutrition and exercise metabolism",2,0.000185735512630015
"International journal of surgery (London, England)",2,0.000185735512630015
"International journal of surgery case reports",1,9.28677563150074e-05
"International journal of women's health",1,9.28677563150074e-05
"International nursing review",1,9.28677563150074e-05
"International ophthalmology",1,9.28677563150074e-05
"International orthopaedics",3,0.000278603268945022
"International urology and nephrology",1,9.28677563150074e-05
"International wound journal",20,0.00185735512630015
"Investigational new drugs",2,0.000185735512630015
"Irish journal of medical science",3,0.000278603268945022
"Israel journal of health policy research",1,9.28677563150074e-05
"Italian journal of pediatrics",4,0.00037147102526003
"JACC. Basic to translational science",1,9.28677563150074e-05
"JACC. Case reports",1,9.28677563150074e-05
"JACS Au",1,9.28677563150074e-05
"JAMIA open",1,9.28677563150074e-05
"JCI insight",3,0.000278603268945022
"JCO precision oncology",1,9.28677563150074e-05
"JNCI cancer spectrum",1,9.28677563150074e-05
"JPEN. Journal of parenteral and enteral nutrition",1,9.28677563150074e-05
"Jamba (Potchefstroom, South Africa)",1,9.28677563150074e-05
"Japanese journal of clinical oncology",1,9.28677563150074e-05
"Journal for immunotherapy of cancer",1,9.28677563150074e-05
"Journal francais d'ophtalmologie",1,9.28677563150074e-05
"Journal of Ayurveda and integrative medicine",1,9.28677563150074e-05
"Journal of Cancer",8,0.000742942050520059
"Journal of Korean medical science",2,0.000185735512630015
"Journal of affective disorders",4,0.00037147102526003
"Journal of anaesthesiology, clinical pharmacology",2,0.000185735512630015
"Journal of anesthesia",1,9.28677563150074e-05
"Journal of animal physiology and animal nutrition",1,9.28677563150074e-05
"Journal of animal science and biotechnology",2,0.000185735512630015
"Journal of anxiety disorders",1,9.28677563150074e-05
"Journal of applied genetics",2,0.000185735512630015
"Journal of applied toxicology : JAT",2,0.000185735512630015
"Journal of arrhythmia",1,9.28677563150074e-05
"Journal of biochemical and molecular toxicology",13,0.0012072808320951
"Journal of bioenergetics and biomembranes",2,0.000185735512630015
"Journal of biological physics",1,9.28677563150074e-05
"Journal of biomedical informatics",1,9.28677563150074e-05
"Journal of biomedical materials research. Part B, Applied biomaterials",1,9.28677563150074e-05
"Journal of biomedical science",3,0.000278603268945022
"Journal of biophotonics",1,9.28677563150074e-05
"Journal of bioscience and bioengineering",1,9.28677563150074e-05
"Journal of biotechnology",2,0.000185735512630015
"Journal of blood medicine",1,9.28677563150074e-05
"Journal of bone and mineral metabolism",2,0.000185735512630015
"Journal of bone and mineral research : the official journal of the American Society for Bone and Mineral Research",1,9.28677563150074e-05
"Journal of bone oncology",1,9.28677563150074e-05
"Journal of cancer research and clinical oncology",4,0.00037147102526003
"Journal of cardiology",1,9.28677563150074e-05
"Journal of cardiothoracic and vascular anesthesia",1,9.28677563150074e-05
"Journal of cardiothoracic surgery",3,0.000278603268945022
"Journal of cell communication and signaling",2,0.000185735512630015
"Journal of cell science",2,0.000185735512630015
"Journal of cellular and molecular medicine",36,0.00334323922734027
"Journal of cellular biochemistry",193,0.0179234769687964
"Journal of cellular physiology",128,0.011887072808321
"Journal of chemical neuroanatomy",11,0.00102154531946508
"Journal of clinical and experimental dentistry",1,9.28677563150074e-05
"Journal of clinical anesthesia",2,0.000185735512630015
"Journal of clinical epidemiology",1,9.28677563150074e-05
"Journal of clinical laboratory analysis",5,0.000464338781575037
"Journal of clinical medicine",12,0.00111441307578009
"Journal of clinical medicine research",1,9.28677563150074e-05
"Journal of clinical microbiology",2,0.000185735512630015
"Journal of clinical monitoring and computing",4,0.00037147102526003
"Journal of clinical nursing",1,9.28677563150074e-05
"Journal of clinical pharmacology",1,9.28677563150074e-05
"Journal of clinical pharmacy and therapeutics",2,0.000185735512630015
"Journal of clinical ultrasound : JCU",1,9.28677563150074e-05
"Journal of colloid and interface science",3,0.000278603268945022
"Journal of community psychology",8,0.000742942050520059
"Journal of controlled release : official journal of the Controlled Release Society",3,0.000278603268945022
"Journal of cosmetic dermatology",6,0.000557206537890045
"Journal of dairy science",1,9.28677563150074e-05
"Journal of dental education",1,9.28677563150074e-05
"Journal of dentistry",2,0.000185735512630015
"Journal of dermatological science",1,9.28677563150074e-05
"Journal of diabetes and metabolic disorders",2,0.000185735512630015
"Journal of diabetes investigation",1,9.28677563150074e-05
"Journal of endocrinological investigation",1,9.28677563150074e-05
"Journal of endodontics",2,0.000185735512630015
"Journal of environmental and public health",439,0.0407689450222883
"Journal of environmental management",7,0.000650074294205052
"Journal of ethnopharmacology",1,9.28677563150074e-05
"Journal of experimental & clinical cancer research : CR",59,0.00547919762258544
"Journal of experimental orthopaedics",1,9.28677563150074e-05
"Journal of experimental zoology. Part A, Ecological and integrative physiology",1,9.28677563150074e-05
"Journal of exposure science & environmental epidemiology",1,9.28677563150074e-05
"Journal of fluorescence",5,0.000464338781575037
"Journal of food biochemistry",2,0.000185735512630015
"Journal of food protection",1,9.28677563150074e-05
"Journal of forensic sciences",3,0.000278603268945022
"Journal of functional biomaterials",1,9.28677563150074e-05
"Journal of fungi (Basel, Switzerland)",1,9.28677563150074e-05
"Journal of gastroenterology",1,9.28677563150074e-05
"Journal of gastroenterology and hepatology",2,0.000185735512630015
"Journal of general internal medicine",1,9.28677563150074e-05
"Journal of glaucoma",1,9.28677563150074e-05
"Journal of gynecologic oncology",1,9.28677563150074e-05
"Journal of gynecology obstetrics and human reproduction",3,0.000278603268945022
"Journal of hazardous materials",2,0.000185735512630015
"Journal of health, population, and nutrition",3,0.000278603268945022
"Journal of healthcare engineering",1063,0.0987184249628529
"Journal of hematology & oncology",6,0.000557206537890045
"Journal of hepatology",1,9.28677563150074e-05
"Journal of human evolution",1,9.28677563150074e-05
"Journal of human genetics",1,9.28677563150074e-05
"Journal of human hypertension",3,0.000278603268945022
"Journal of immunology (Baltimore, Md. : 1950)",2,0.000185735512630015
"Journal of immunology research",4,0.00037147102526003
"Journal of industrial microbiology & biotechnology",1,9.28677563150074e-05
"Journal of infection and chemotherapy : official journal of the Japan Society of Chemotherapy",2,0.000185735512630015
"Journal of infection and public health",1,9.28677563150074e-05
"Journal of inflammation (London, England)",2,0.000185735512630015
"Journal of inflammation research",12,0.00111441307578009
"Journal of inorganic biochemistry",5,0.000464338781575037
"Journal of insect physiology",1,9.28677563150074e-05
"Journal of intensive care",1,9.28677563150074e-05
"Journal of invertebrate pathology",1,9.28677563150074e-05
"Journal of lipid and atherosclerosis",1,9.28677563150074e-05
"Journal of mammary gland biology and neoplasia",2,0.000185735512630015
"Journal of materials science. Materials in medicine",1,9.28677563150074e-05
"Journal of medical Internet research",1,9.28677563150074e-05
"Journal of medical case reports",1,9.28677563150074e-05
"Journal of medical entomology",1,9.28677563150074e-05
"Journal of medical radiation sciences",1,9.28677563150074e-05
"Journal of medical systems",7,0.000650074294205052
"Journal of medical ultrasound",1,9.28677563150074e-05
"Journal of medical virology",1,9.28677563150074e-05
"Journal of microbiology (Seoul, Korea)",2,0.000185735512630015
"Journal of molecular and cellular cardiology",3,0.000278603268945022
"Journal of molecular histology",2,0.000185735512630015
"Journal of molecular medicine (Berlin, Germany)",3,0.000278603268945022
"Journal of molecular modeling",8,0.000742942050520059
"Journal of molecular neuroscience : MN",3,0.000278603268945022
"Journal of nanobiotechnology",10,0.000928677563150074
"Journal of nanoparticle research : an interdisciplinary forum for nanoscale science and technology",1,9.28677563150074e-05
"Journal of neural engineering",1,9.28677563150074e-05
"Journal of neuro-oncology",2,0.000185735512630015
"Journal of neurochemistry",2,0.000185735512630015
"Journal of neuroinflammation",2,0.000185735512630015
"Journal of neurointerventional surgery",2,0.000185735512630015
"Journal of neurology",2,0.000185735512630015
"Journal of nursing scholarship : an official publication of Sigma Theta Tau International Honor Society of Nursing",1,9.28677563150074e-05
"Journal of nutrition and metabolism",1,9.28677563150074e-05
"Journal of obesity",1,9.28677563150074e-05
"Journal of obstetrics and gynaecology of India",1,9.28677563150074e-05
"Journal of oncology",30,0.00278603268945022
"Journal of oral and maxillofacial surgery : official journal of the American Association of Oral and Maxillofacial Surgeons",2,0.000185735512630015
"Journal of oral biology and craniofacial research",1,9.28677563150074e-05
"Journal of oral rehabilitation",1,9.28677563150074e-05
"Journal of orthopaedic science : official journal of the Japanese Orthopaedic Association",1,9.28677563150074e-05
"Journal of orthopaedic surgery and research",14,0.0013001485884101
"Journal of ovarian research",11,0.00102154531946508
"Journal of pain research",1,9.28677563150074e-05
"Journal of patient-reported outcomes",1,9.28677563150074e-05
"Journal of pediatric nursing",1,9.28677563150074e-05
"Journal of pediatric ophthalmology and strabismus",1,9.28677563150074e-05
"Journal of pediatric surgery",1,9.28677563150074e-05
"Journal of perinatal medicine",2,0.000185735512630015
"Journal of perinatology : official journal of the California Perinatal Association",1,9.28677563150074e-05
"Journal of personalized medicine",3,0.000278603268945022
"Journal of pharmaceutical analysis",1,9.28677563150074e-05
"Journal of pharmaceutical sciences",1,9.28677563150074e-05
"Journal of pharmacological sciences",1,9.28677563150074e-05
"Journal of pharmacy & bioallied sciences",1,9.28677563150074e-05
"Journal of photochemistry and photobiology. B, Biology",2,0.000185735512630015
"Journal of physical therapy science",2,0.000185735512630015
"Journal of physiology and biochemistry",3,0.000278603268945022
"Journal of pineal research",4,0.00037147102526003
"Journal of psychiatric and mental health nursing",1,9.28677563150074e-05
"Journal of psychiatric research",1,9.28677563150074e-05
"Journal of rehabilitation medicine",1,9.28677563150074e-05
"Journal of reproductive immunology",3,0.000278603268945022
"Journal of research in medical sciences : the official journal of Isfahan University of Medical Sciences",1,9.28677563150074e-05
"Journal of safety research",1,9.28677563150074e-05
"Journal of shoulder and elbow surgery",1,9.28677563150074e-05
"Journal of stroke and cerebrovascular diseases : the official journal of National Stroke Association",2,0.000185735512630015
"Journal of structural biology",1,9.28677563150074e-05
"Journal of the American College of Cardiology",1,9.28677563150074e-05
"Journal of the American College of Surgeons",1,9.28677563150074e-05
"Journal of the American Medical Directors Association",2,0.000185735512630015
"Journal of the American Society of Nephrology : JASN",1,9.28677563150074e-05
"Journal of the American Veterinary Medical Association",1,9.28677563150074e-05
"Journal of the science of food and agriculture",1,9.28677563150074e-05
"Journal of traditional and complementary medicine",1,9.28677563150074e-05
"Journal of translational medicine",12,0.00111441307578009
"Journal of traumatic stress",1,9.28677563150074e-05
"Journal of ultrasound in medicine : official journal of the American Institute of Ultrasound in Medicine",1,9.28677563150074e-05
"Journal of vascular surgery",1,9.28677563150074e-05
"Journal of vascular surgery. Venous and lymphatic disorders",1,9.28677563150074e-05
"Journal of veterinary internal medicine",1,9.28677563150074e-05
"Journal of viral hepatitis",2,0.000185735512630015
"Journal of virology",2,0.000185735512630015
"Journal of voice : official journal of the Voice Foundation",1,9.28677563150074e-05
"Kidney & blood pressure research",6,0.000557206537890045
"Kidney international reports",1,9.28677563150074e-05
"Laboratory animal research",2,0.000185735512630015
"Lancet (London, England)",3,0.000278603268945022
"Leukemia",2,0.000185735512630015
"Leukemia research",2,0.000185735512630015
"Life (Basel, Switzerland)",3,0.000278603268945022
"Life science alliance",1,9.28677563150074e-05
"Life sciences",94,0.0087295690936107
"Lipids in health and disease",4,0.00037147102526003
"Luminescence : the journal of biological and chemical luminescence",2,0.000185735512630015
"Lung cancer (Amsterdam, Netherlands)",1,9.28677563150074e-05
"Malaria journal",1,9.28677563150074e-05
"Mammalian genome : official journal of the International Mammalian Genome Society",8,0.000742942050520059
"Marine pollution bulletin",2,0.000185735512630015
"Materials (Basel, Switzerland)",10,0.000928677563150074
"Materials science & engineering. C, Materials for biological applications",7,0.000650074294205052
"Materials today. Bio",1,9.28677563150074e-05
"Meat science",1,9.28677563150074e-05
"Mechanisms of ageing and development",3,0.000278603268945022
"MedChemComm",1,9.28677563150074e-05
"Mediators of inflammation",7,0.000650074294205052
"Medical engineering & physics",1,9.28677563150074e-05
"Medical hypotheses",1,9.28677563150074e-05
"Medical oncology (Northwood, London, England)",1,9.28677563150074e-05
"Medical physics",1,9.28677563150074e-05
"Medical principles and practice : international journal of the Kuwait University, Health Science Centre",1,9.28677563150074e-05
"Medicina (Kaunas, Lithuania)",1,9.28677563150074e-05
"Medicine",1,9.28677563150074e-05
"Memorias do Instituto Oswaldo Cruz",1,9.28677563150074e-05
"Metabolic brain disease",6,0.000557206537890045
"Metabolism: clinical and experimental",1,9.28677563150074e-05
"Metabolites",1,9.28677563150074e-05
"Microbial cell factories",1,9.28677563150074e-05
"Microbial pathogenesis",11,0.00102154531946508
"Microbiological research",3,0.000278603268945022
"Microbiology resource announcements",2,0.000185735512630015
"Micromachines",3,0.000278603268945022
"Micron (Oxford, England : 1993)",1,9.28677563150074e-05
"Microorganisms",1,9.28677563150074e-05
"Microscopy research and technique",1,9.28677563150074e-05
"Mikrochimica acta",4,0.00037147102526003
"Modern pathology : an official journal of the United States and Canadian Academy of Pathology, Inc",1,9.28677563150074e-05
"Molecular & cellular proteomics : MCP",1,9.28677563150074e-05
"Molecular and cellular biochemistry",22,0.00204309063893016
"Molecular and cellular biology",1,9.28677563150074e-05
"Molecular and cellular endocrinology",3,0.000278603268945022
"Molecular biology reports",11,0.00102154531946508
"Molecular biotechnology",1,9.28677563150074e-05
"Molecular cancer",19,0.00176448736998514
"Molecular cancer research : MCR",5,0.000464338781575037
"Molecular cancer therapeutics",2,0.000185735512630015
"Molecular carcinogenesis",3,0.000278603268945022
"Molecular cell",2,0.000185735512630015
"Molecular diversity",1,9.28677563150074e-05
"Molecular ecology",1,9.28677563150074e-05
"Molecular genetics & genomic medicine",23,0.00213595839524517
"Molecular genetics and metabolism reports",2,0.000185735512630015
"Molecular immunology",3,0.000278603268945022
"Molecular medicine (Cambridge, Mass.)",4,0.00037147102526003
"Molecular medicine reports",141,0.013094353640416
"Molecular neurobiology",16,0.00148588410104012
"Molecular neurodegeneration",2,0.000185735512630015
"Molecular oncology",11,0.00102154531946508
"Molecular pharmacology",2,0.000185735512630015
"Molecular phylogenetics and evolution",1,9.28677563150074e-05
"Molecular psychiatry",3,0.000278603268945022
"Molecular therapy : the journal of the American Society of Gene Therapy",19,0.00176448736998514
"Molecular therapy oncolytics",4,0.00037147102526003
"Molecular therapy. Nucleic acids",76,0.00705794947994056
"Molecular vision",1,9.28677563150074e-05
"Molecules (Basel, Switzerland)",10,0.000928677563150074
"Molecules and cells",1,9.28677563150074e-05
"Movement disorders : official journal of the Movement Disorder Society",1,9.28677563150074e-05
"Mucosal immunology",1,9.28677563150074e-05
"Multidisciplinary respiratory medicine",1,9.28677563150074e-05
"Multiple sclerosis and related disorders",1,9.28677563150074e-05
"Muscle & nerve",1,9.28677563150074e-05
"Mycotoxin research",2,0.000185735512630015
"NAR genomics and bioinformatics",1,9.28677563150074e-05
"NPJ Parkinson's disease",1,9.28677563150074e-05
"NPJ digital medicine",1,9.28677563150074e-05
"Nanomaterials (Basel, Switzerland)",10,0.000928677563150074
"Nanoscale advances",4,0.00037147102526003
"Nanoscale research letters",22,0.00204309063893016
"Nanotechnology",3,0.000278603268945022
"Nature",19,0.00176448736998514
"Nature and science of sleep",1,9.28677563150074e-05
"Nature biotechnology",1,9.28677563150074e-05
"Nature cell biology",2,0.000185735512630015
"Nature chemical biology",3,0.000278603268945022
"Nature chemistry",1,9.28677563150074e-05
"Nature communications",29,0.00269316493313522
"Nature ecology & evolution",1,9.28677563150074e-05
"Nature food",1,9.28677563150074e-05
"Nature human behaviour",1,9.28677563150074e-05
"Nature materials",2,0.000185735512630015
"Nature medicine",3,0.000278603268945022
"Nature methods",1,9.28677563150074e-05
"Nature microbiology",1,9.28677563150074e-05
"Nature neuroscience",2,0.000185735512630015
"Nature plants",1,9.28677563150074e-05
"Naunyn-Schmiedeberg's archives of pharmacology",40,0.0037147102526003
"Neoplasia (New York, N.Y.)",4,0.00037147102526003
"Neoplasma",1,9.28677563150074e-05
"Neural plasticity",5,0.000464338781575037
"Neuro-Chirurgie",1,9.28677563150074e-05
"Neurobiology of aging",2,0.000185735512630015
"Neurobiology of learning and memory",1,9.28677563150074e-05
"Neurobiology of stress",1,9.28677563150074e-05
"Neurochemical research",4,0.00037147102526003
"Neurogastroenterology and motility",1,9.28677563150074e-05
"Neurogenetics",1,9.28677563150074e-05
"Neuroimmunomodulation",7,0.000650074294205052
"Neurological sciences : official journal of the Italian Neurological Society and of the Italian Society of Clinical Neurophysiology",3,0.000278603268945022
"Neuropeptides",1,9.28677563150074e-05
"Neuropharmacology",3,0.000278603268945022
"Neuropsychiatric disease and treatment",6,0.000557206537890045
"Neuropsychobiology",1,9.28677563150074e-05
"Neuropsychopharmacology : official publication of the American College of Neuropsychopharmacology",3,0.000278603268945022
"Neuropsychopharmacology reports",1,9.28677563150074e-05
"Neuroscience",1,9.28677563150074e-05
"Neuroscience and biobehavioral reviews",1,9.28677563150074e-05
"Neuroscience letters",13,0.0012072808320951
"Neurosurgical review",2,0.000185735512630015
"Neurotoxicity research",3,0.000278603268945022
"Neurotoxicology",5,0.000464338781575037
"Neurotoxicology and teratology",1,9.28677563150074e-05
"Non-coding RNA",1,9.28677563150074e-05
"Nuclear medicine and biology",1,9.28677563150074e-05
"Nucleic acids research",1,9.28677563150074e-05
"Nurse education in practice",1,9.28677563150074e-05
"Nurse education today",2,0.000185735512630015
"Nursing open",1,9.28677563150074e-05
"Nutrients",10,0.000928677563150074
"Nutrition journal",1,9.28677563150074e-05
"Nutrition research (New York, N.Y.)",1,9.28677563150074e-05
"ORL; journal for oto-rhino-laryngology and its related specialties",1,9.28677563150074e-05
"Obesity (Silver Spring, Md.)",1,9.28677563150074e-05
"Obesity research & clinical practice",1,9.28677563150074e-05
"Occupational therapy international",71,0.00659361069836553
"OncoTargets and therapy",158,0.0146731054977712
"Oncogene",13,0.0012072808320951
"Oncogenesis",8,0.000742942050520059
"Oncology letters",109,0.0101225854383358
"Oncology reports",109,0.0101225854383358
"Oncology research and treatment",1,9.28677563150074e-05
"Oncotarget",20,0.00185735512630015
"Open biology",3,0.000278603268945022
"Open forum infectious diseases",3,0.000278603268945022
"Open life sciences",5,0.000464338781575037
"Ophthalmology",1,9.28677563150074e-05
"Oral diseases",2,0.000185735512630015
"Oral oncology",1,9.28677563150074e-05
"Orphanet journal of rare diseases",1,9.28677563150074e-05
"Orthopaedic journal of sports medicine",1,9.28677563150074e-05
"Orthopaedics & traumatology, surgery & research : OTSR",3,0.000278603268945022
"Oxford medical case reports",1,9.28677563150074e-05
"Oxidative medicine and cellular longevity",196,0.0182020802377415
"PDA journal of pharmaceutical science and technology",1,9.28677563150074e-05
"PLOS global public health",2,0.000185735512630015
"PLoS biology",7,0.000650074294205052
"PLoS genetics",6,0.000557206537890045
"PLoS neglected tropical diseases",5,0.000464338781575037
"PLoS pathogens",2,0.000185735512630015
"PM & R : the journal of injury, function, and rehabilitation",3,0.000278603268945022
"PPAR research",1,9.28677563150074e-05
"Pain management nursing : official journal of the American Society of Pain Management Nurses",1,9.28677563150074e-05
"Pain research & management",1,9.28677563150074e-05
"Parasite immunology",1,9.28677563150074e-05
"Parasites & vectors",4,0.00037147102526003
"Parasitology research",2,0.000185735512630015
"Parkinsonism & related disorders",1,9.28677563150074e-05
"Pathogens (Basel, Switzerland)",1,9.28677563150074e-05
"Pathology oncology research : POR",9,0.000835809806835067
"Pathology, research and practice",4,0.00037147102526003
"Patient preference and adherence",1,9.28677563150074e-05
"Patient related outcome measures",1,9.28677563150074e-05
"Pediatric cardiology",1,9.28677563150074e-05
"Pediatric research",1,9.28677563150074e-05
"PeerJ",4,0.00037147102526003
"Peptides",1,9.28677563150074e-05
"Pharmaceutical research",6,0.000557206537890045
"Pharmaceuticals (Basel, Switzerland)",2,0.000185735512630015
"Pharmaceutics",20,0.00185735512630015
"Pharmacogenomics and personalized medicine",1,9.28677563150074e-05
"Pharmacological reports : PR",6,0.000557206537890045
"Pharmacology",9,0.000835809806835067
"Pharmacology, biochemistry, and behavior",2,0.000185735512630015
"Photodiagnosis and photodynamic therapy",1,9.28677563150074e-05
"Photosynthesis research",2,0.000185735512630015
"Physica medica : PM : an international journal devoted to the applications of physics to medicine and biology : official journal of the Italian Association of Biomedical Physics (AIFB)",1,9.28677563150074e-05
"Physical and engineering sciences in medicine",1,9.28677563150074e-05
"Physiologia plantarum",2,0.000185735512630015
"Physiological measurement",1,9.28677563150074e-05
"Phytomedicine : international journal of phytotherapy and phytopharmacology",3,0.000278603268945022
"Phytotherapy research : PTR",8,0.000742942050520059
"Placenta",1,9.28677563150074e-05
"Plant molecular biology",2,0.000185735512630015
"Plant physiology",3,0.000278603268945022
"Plant physiology and biochemistry : PPB",1,9.28677563150074e-05
"Plant science : an international journal of experimental plant biology",1,9.28677563150074e-05
"Plant, cell & environment",1,9.28677563150074e-05
"Planta",3,0.000278603268945022
"Plants (Basel, Switzerland)",2,0.000185735512630015
"PloS one",393,0.0364970282317979
"Polymers",10,0.000928677563150074
"Poultry science",1,9.28677563150074e-05
"Preventive medicine reports",1,9.28677563150074e-05
"Proceedings. Biological sciences",2,0.000185735512630015
"Progres en urologie : journal de l'Association francaise d'urologie et de la Societe francaise d'urologie",8,0.000742942050520059
"Proteins",1,9.28677563150074e-05
"Proteomics",1,9.28677563150074e-05
"Psychiatry and clinical neurosciences",1,9.28677563150074e-05
"Psychiatry research",1,9.28677563150074e-05
"Psychogeriatrics : the official journal of the Japanese Psychogeriatric Society",1,9.28677563150074e-05
"Psychology research and behavior management",3,0.000278603268945022
"Psychoneuroendocrinology",1,9.28677563150074e-05
"Psychopharmacology",3,0.000278603268945022
"Public health",1,9.28677563150074e-05
"Purinergic signalling",2,0.000185735512630015
"RNA (New York, N.Y.)",1,9.28677563150074e-05
"RSC advances",139,0.012908618127786
"Radiography (London, England : 1995)",1,9.28677563150074e-05
"Redox biology",5,0.000464338781575037
"Regional anesthesia and pain medicine",2,0.000185735512630015
"Regulatory toxicology and pharmacology : RTP",1,9.28677563150074e-05
"Reports on progress in physics. Physical Society (Great Britain)",1,9.28677563150074e-05
"Reproduction in domestic animals = Zuchthygiene",4,0.00037147102526003
"Reproductive health",2,0.000185735512630015
"Reproductive toxicology (Elmsford, N.Y.)",1,9.28677563150074e-05
"Research in developmental disabilities",1,9.28677563150074e-05
"Research in veterinary science",2,0.000185735512630015
"Respiration; international review of thoracic diseases",1,9.28677563150074e-05
"Respiratory medicine",1,9.28677563150074e-05
"Respiratory physiology & neurobiology",1,9.28677563150074e-05
"Respiratory research",2,0.000185735512630015
"Resuscitation",1,9.28677563150074e-05
"Risk management and healthcare policy",2,0.000185735512630015
"Royal Society open science",1,9.28677563150074e-05
"SAGE open medicine",1,9.28677563150074e-05
"Scandinavian journal of medicine & science in sports",1,9.28677563150074e-05
"Scandinavian journal of psychology",1,9.28677563150074e-05
"Scanning",87,0.00807949479940565
"Science (New York, N.Y.)",5,0.000464338781575037
"Science advances",6,0.000557206537890045
"Science and engineering ethics",1,9.28677563150074e-05
"Scientific data",1,9.28677563150074e-05
"Scientific reports",230,0.0213595839524517
"Scientifica",2,0.000185735512630015
"Scoliosis and spinal disorders",1,9.28677563150074e-05
"Seminars in cancer biology",1,9.28677563150074e-05
"Sensors (Basel, Switzerland)",8,0.000742942050520059
"Shoulder & elbow",1,9.28677563150074e-05
"Signal transduction and targeted therapy",1,9.28677563150074e-05
"Skeletal muscle",1,9.28677563150074e-05
"Sleep medicine: X",1,9.28677563150074e-05
"Social cognitive and affective neuroscience",1,9.28677563150074e-05
"Spectrochimica acta. Part A, Molecular and biomolecular spectroscopy",7,0.000650074294205052
"Spinal cord",1,9.28677563150074e-05
"Sports (Basel, Switzerland)",1,9.28677563150074e-05
"Sports medicine - open",1,9.28677563150074e-05
"Statistics in medicine",2,0.000185735512630015
"Stem cell reports",1,9.28677563150074e-05
"Stem cell research",2,0.000185735512630015
"Stem cell research & therapy",32,0.00297176820208024
"Stem cells translational medicine",1,9.28677563150074e-05
"Suicide & life-threatening behavior",2,0.000185735512630015
"Supportive care in cancer : official journal of the Multinational Association of Supportive Care in Cancer",3,0.000278603268945022
"Surgery for obesity and related diseases : official journal of the American Society for Bariatric Surgery",1,9.28677563150074e-05
"Surgical and radiologic anatomy : SRA",1,9.28677563150074e-05
"Surgical endoscopy",1,9.28677563150074e-05
"Surgical neurology international",3,0.000278603268945022
"Talanta",5,0.000464338781575037
"The American journal of emergency medicine",2,0.000185735512630015
"The American journal of geriatric psychiatry : official journal of the American Association for Geriatric Psychiatry",1,9.28677563150074e-05
"The American journal of tropical medicine and hygiene",1,9.28677563150074e-05
"The British journal of oral & maxillofacial surgery",1,9.28677563150074e-05
"The British journal of psychiatry : the journal of mental science",1,9.28677563150074e-05
"The Egyptian heart journal : (EHJ) : official bulletin of the Egyptian Society of Cardiology",2,0.000185735512630015
"The European journal of neuroscience",3,0.000278603268945022
"The FEBS journal",1,9.28677563150074e-05
"The ISME journal",1,9.28677563150074e-05
"The International journal of eating disorders",1,9.28677563150074e-05
"The Journal of allergy and clinical immunology",2,0.000185735512630015
"The Journal of antibiotics",1,9.28677563150074e-05
"The Journal of arthroplasty",1,9.28677563150074e-05
"The Journal of clinical investigation",5,0.000464338781575037
"The Journal of dermatology",1,9.28677563150074e-05
"The Journal of experimental biology",1,9.28677563150074e-05
"The Journal of hand surgery",1,9.28677563150074e-05
"The Journal of heart and lung transplantation : the official publication of the International Society for Heart Transplantation",1,9.28677563150074e-05
"The Journal of infectious diseases",1,9.28677563150074e-05
"The Journal of investigative dermatology",1,9.28677563150074e-05
"The Journal of neuroscience : the official journal of the Society for Neuroscience",2,0.000185735512630015
"The Journal of nutrition",1,9.28677563150074e-05
"The Journal of nutritional biochemistry",1,9.28677563150074e-05
"The Journal of pharmacy and pharmacology",1,9.28677563150074e-05
"The Journal of prosthetic dentistry",1,9.28677563150074e-05
"The Journal of school health",1,9.28677563150074e-05
"The Journal of small animal practice",1,9.28677563150074e-05
"The Journal of surgical research",3,0.000278603268945022
"The Journal of the Association of Nurses in AIDS Care : JANAC",1,9.28677563150074e-05
"The Lancet. Oncology",2,0.000185735512630015
"The Lancet. Respiratory medicine",1,9.28677563150074e-05
"The Malaysian journal of medical sciences : MJMS",2,0.000185735512630015
"The Permanente journal",1,9.28677563150074e-05
"The Plant cell",2,0.000185735512630015
"The Plant journal : for cell and molecular biology",4,0.00037147102526003
"The Prostate",2,0.000185735512630015
"The Science of the total environment",46,0.00427191679049034
"The clinical respiratory journal",2,0.000185735512630015
"The international journal of biochemistry & cell biology",7,0.000650074294205052
"The journal of gene medicine",2,0.000185735512630015
"The journal of obstetrics and gynaecology research",4,0.00037147102526003
"The lancet. Diabetes & endocrinology",3,0.000278603268945022
"The spine journal : official journal of the North American Spine Society",1,9.28677563150074e-05
"Theranostics",4,0.00037147102526003
"Therapeutic advances in infectious disease",1,9.28677563150074e-05
"Therapeutic advances in medical oncology",4,0.00037147102526003
"Therapeutic advances in musculoskeletal disease",1,9.28677563150074e-05
"Therapeutic apheresis and dialysis : official peer-reviewed journal of the International Society for Apheresis, the Japanese Society for Apheresis, the Japanese Society for Dialysis Therapy",1,9.28677563150074e-05
"Therapeutic innovation & regulatory science",1,9.28677563150074e-05
"Theriogenology",1,9.28677563150074e-05
"Thrombosis research",1,9.28677563150074e-05
"Tomography (Ann Arbor, Mich.)",2,0.000185735512630015
"Toxicology letters",1,9.28677563150074e-05
"Toxicology reports",3,0.000278603268945022
"Toxics",5,0.000464338781575037
"Transboundary and emerging diseases",1,9.28677563150074e-05
"Translational neurodegeneration",1,9.28677563150074e-05
"Translational neuroscience",3,0.000278603268945022
"Translational psychiatry",1,9.28677563150074e-05
"Translational research : the journal of laboratory and clinical medicine",2,0.000185735512630015
"Translational stroke research",1,9.28677563150074e-05
"Transplant immunology",1,9.28677563150074e-05
"Transplantation proceedings",1,9.28677563150074e-05
"Trends in parasitology",1,9.28677563150074e-05
"Trials",2,0.000185735512630015
"Tumour biology : the journal of the International Society for Oncodevelopmental Biology and Medicine",6,0.000557206537890045
"Turkish journal of medical sciences",1,9.28677563150074e-05
"Ultrasonics",1,9.28677563150074e-05
"Ultrasound in medicine & biology",1,9.28677563150074e-05
"Ultrasound in obstetrics & gynecology : the official journal of the International Society of Ultrasound in Obstetrics and Gynecology",1,9.28677563150074e-05
"Updates in surgery",1,9.28677563150074e-05
"Urologia internationalis",1,9.28677563150074e-05
"Vaccine",1,9.28677563150074e-05
"Vaccines",3,0.000278603268945022
"Vascular pharmacology",1,9.28677563150074e-05
"Veterinary medicine and science",2,0.000185735512630015
"Veterinary microbiology",3,0.000278603268945022
"Veterinary parasitology, regional studies and reports",1,9.28677563150074e-05
"Virus research",1,9.28677563150074e-05
"Viruses",4,0.00037147102526003
"Waste management (New York, N.Y.)",1,9.28677563150074e-05
"Water research",1,9.28677563150074e-05
"Wideochirurgia i inne techniki maloinwazyjne = Videosurgery and other miniinvasive techniques",1,9.28677563150074e-05
"World journal of microbiology & biotechnology",1,9.28677563150074e-05
"World journal of surgical oncology",3,0.000278603268945022
"World journal of urology",1,9.28677563150074e-05
"World neurosurgery",6,0.000557206537890045
"eLife",8,0.000742942050520059
"eNeuro",1,9.28677563150074e-05
"iScience",3,0.000278603268945022
